aX,aY,aZ,gX,gY,gZ
1.993,0.496,0.496,-0.210,0.330,-1.571
2.352,0.598,0.598,-0.301,0.358,-1.629
2.680,0.826,0.826,-0.342,0.370,-1.627
2.857,0.551,0.551,-0.376,0.428,-1.621
2.711,0.676,0.676,-0.504,0.409,-1.688
2.839,0.555,0.555,-0.523,0.377,-1.706
2.923,0.647,0.647,-0.543,0.412,-1.757
3.114,0.747,0.747,-0.544,0.429,-1.790
3.267,0.943,0.943,-0.542,0.425,-1.800
3.427,0.999,0.999,-0.547,0.335,-1.795
3.743,1.186,1.186,-0.567,0.255,-1.809
4.114,1.167,1.167,-0.526,0.052,-1.773
5.210,0.998,0.998,-0.538,0.189,-1.795
4.636,1.912,1.912,-0.385,0.113,-1.716
5.060,2.385,2.385,-0.512,-0.213,-1.477
5.545,1.141,1.141,-0.552,-0.109,-1.429
5.692,1.057,1.057,-0.446,0.248,-1.527
5.344,2.077,2.077,-0.387,0.553,-1.498
4.787,1.543,1.543,-0.332,0.579,-1.474
5.376,2.456,2.456,-0.272,0.419,-1.432
6.155,3.007,3.007,-0.251,0.398,-1.205
6.089,1.999,1.999,-0.208,0.400,-1.050
6.056,0.903,0.903,-0.082,0.528,-1.175
5.883,2.119,2.119,0.103,0.550,-1.249
5.883,2.617,2.617,0.112,0.452,-1.177
6.009,2.189,2.189,0.102,0.334,-0.993
6.063,1.516,1.516,0.044,0.351,-0.947
6.087,1.570,1.570,0.049,0.399,-0.943
5.918,1.614,1.614,0.007,0.500,-0.938
5.988,1.469,1.469,0.011,0.498,-0.928
6.079,1.440,1.440,0.022,0.479,-0.927
6.596,1.622,1.622,0.013,0.458,-0.918
6.919,1.655,1.655,0.046,0.536,-0.859
6.940,1.571,1.571,0.052,0.640,-0.788
7.003,1.436,1.436,0.044,0.651,-0.752
7.116,1.252,1.252,0.030,0.643,-0.683
6.894,0.913,0.913,0.029,0.683,-0.682
7.052,0.909,0.909,0.028,0.761,-0.687
6.845,0.914,0.914,0.054,0.873,-0.652
6.417,1.149,1.149,0.087,0.916,-0.551
6.130,0.755,0.755,0.001,0.871,-0.542
6.340,0.496,0.496,-0.055,0.833,-0.578
6.434,0.796,0.796,-0.020,0.890,-0.566
6.239,0.682,0.682,-0.056,0.947,-0.543
5.950,0.447,0.447,-0.065,0.958,-0.545
6.066,0.786,0.786,-0.034,0.867,-0.549
6.283,0.864,0.864,-0.030,0.860,-0.518
6.288,0.720,0.720,-0.057,0.838,-0.525
6.529,0.706,0.706,-0.045,0.877,-0.529
6.586,0.757,0.757,-0.040,0.914,-0.543
6.445,0.606,0.606,-0.007,0.865,-0.554
6.747,0.706,0.706,0.040,0.727,-0.536
6.899,0.275,0.275,0.051,0.634,-0.556
6.855,0.424,0.424,0.113,0.566,-0.550
7.356,0.739,0.739,0.093,0.548,-0.475
7.471,0.462,0.462,0.029,0.649,-0.404
7.247,-0.012,-0.012,-0.076,0.604,-0.487
7.745,0.678,0.678,-0.092,0.443,-0.480
7.815,0.974,0.974,-0.116,0.346,-0.394
8.001,0.776,0.776,-0.193,0.316,-0.312
7.673,0.944,0.944,-0.084,0.264,-0.263
7.909,1.183,1.183,-0.111,0.318,-0.166
7.694,0.845,0.845,-0.064,0.381,-0.079
7.667,0.941,0.941,-0.057,0.361,-0.009
7.420,1.175,1.175,0.015,0.287,0.136
7.384,0.988,0.988,-0.002,0.192,0.245
7.311,0.569,0.569,0.099,0.102,0.343
7.212,0.478,0.478,0.164,0.116,0.404
7.138,1.027,1.027,0.188,0.153,0.445
7.315,0.570,0.570,0.113,0.369,0.609
6.051,0.037,0.037,0.231,0.553,0.714
5.170,-0.212,-0.212,0.248,0.446,0.730
4.813,-0.640,-0.640,0.249,0.162,0.684
5.139,-0.218,-0.218,0.268,0.088,0.658
5.046,0.058,0.058,0.300,0.120,0.742
4.922,0.179,0.179,0.180,0.126,0.931
3.791,-2.058,-2.058,0.009,0.412,0.828
3.260,-0.539,-0.539,0.013,0.445,0.664
3.856,-0.355,-0.355,0.197,0.292,1.074
2.507,-3.018,-3.018,0.500,0.106,0.967
1.467,-3.431,-3.431,0.797,-0.097,0.574
3.038,-0.129,-0.129,0.960,-0.375,0.042
4.362,3.097,3.097,0.733,0.031,0.486
3.941,1.383,1.383,0.528,0.383,0.954
2.835,-0.681,-0.681,0.357,0.617,1.048
2.501,0.309,0.309,0.337,0.676,1.033
2.127,0.002,0.002,0.359,0.705,1.117
1.939,-0.434,-0.434,0.365,0.678,1.072
2.468,0.790,0.790,0.385,0.661,1.115
2.766,1.135,1.135,0.324,0.715,1.253
2.678,0.901,0.901,0.244,0.814,1.424
1.845,0.869,0.869,0.308,0.802,1.586
0.903,-0.040,-0.040,0.369,0.690,1.524
0.003,0.571,0.571,0.534,0.317,1.419
-1.142,0.311,0.311,0.722,-0.233,1.358
-0.843,0.127,0.127,0.765,-0.850,1.080
-0.009,1.443,1.443,0.732,-1.099,1.017
0.197,1.423,1.423,0.636,-1.182,1.160
-0.525,0.104,0.104,0.635,-1.173,1.145
-1.448,-0.057,-0.057,0.785,-1.266,1.031
-2.667,0.709,0.709,0.919,-1.578,0.862
-3.590,0.511,0.511,0.962,-2.206,0.828
-3.528,1.017,1.017,0.884,-2.801,0.821
-3.077,1.513,1.513,0.656,-3.436,1.048
-3.682,-0.375,-0.375,0.318,-3.616,1.114
-2.942,-0.875,-0.875,0.317,-3.340,1.100
-4.446,-2.105,-2.105,0.824,-3.492,0.500
-1.818,6.491,6.491,0.414,-3.229,1.229
-2.612,2.410,2.410,-0.034,-2.720,2.150
-3.001,-4.456,-4.456,-0.192,-1.807,2.195
-5.212,-5.024,-5.024,0.295,-1.428,1.378
-5.892,-1.883,-1.883,0.481,-1.683,0.938
-5.192,-0.935,-0.935,0.585,-2.048,0.760
-2.484,0.736,0.736,0.910,-2.022,0.942
2.428,2.612,2.612,0.799,-1.392,1.399
-1.919,-0.781,-0.781,0.834,-0.540,1.836
-2.965,-0.761,-0.761,0.669,-1.194,1.311
-1.038,1.512,1.512,0.660,-1.493,1.212
-0.238,1.753,1.753,0.717,-1.139,1.658

-2.633,-3.535,-3.535,0.367,-0.084,0.648
-2.458,-3.591,-3.591,0.430,-0.031,0.622
-2.724,-3.505,-3.505,0.470,0.010,0.544
-2.313,-3.510,-3.510,0.450,0.040,0.367
-2.126,-3.364,-3.364,0.438,0.032,0.266
-1.994,-3.091,-3.091,0.424,0.021,0.186
-2.278,-2.663,-2.663,0.469,0.103,0.176
-2.101,-2.595,-2.595,0.538,0.214,0.175
-1.810,-2.548,-2.548,0.584,0.300,0.139
-1.600,-2.544,-2.544,0.551,0.313,0.079
-1.526,-2.517,-2.517,0.484,0.293,0.018
-1.341,-2.513,-2.513,0.390,0.267,-0.066
-1.211,-2.519,-2.519,0.333,0.250,-0.122
-1.060,-2.563,-2.563,0.313,0.253,-0.150
-0.992,-2.465,-2.465,0.308,0.258,-0.173
-0.695,-2.500,-2.500,0.298,0.275,-0.196
-0.615,-2.487,-2.487,0.291,0.291,-0.201
-0.411,-2.489,-2.489,0.281,0.320,-0.238
-0.111,-2.660,-2.660,0.274,0.357,-0.305
0.055,-2.565,-2.565,0.284,0.352,-0.388
2.269,-3.907,-3.907,0.305,0.314,-0.455
-0.939,-2.665,-2.665,0.209,-0.069,-0.558
1.238,-3.086,-3.086,0.217,0.052,-0.559
0.092,-2.621,-2.621,0.348,0.213,-0.629
0.836,-2.582,-2.582,0.518,0.289,-0.561
0.209,-2.033,-2.033,0.566,0.453,-0.675
0.721,-1.833,-1.833,0.611,0.514,-0.711
0.514,-1.576,-1.576,0.665,0.571,-0.715
0.781,-1.253,-1.253,0.664,0.558,-0.739
1.014,-1.144,-1.144,0.674,0.494,-0.715
0.792,-0.900,-0.900,0.676,0.419,-0.685
0.603,-0.643,-0.643,0.597,0.453,-0.670
0.759,-0.447,-0.447,0.567,0.431,-0.660
0.599,-0.316,-0.316,0.523,0.452,-0.656
0.704,-0.150,-0.150,0.490,0.494,-0.648
0.610,-0.058,-0.058,0.462,0.521,-0.633
0.617,0.051,0.051,0.362,0.523,-0.622
0.759,0.022,0.022,0.250,0.511,-0.596
0.815,-0.115,-0.115,0.190,0.495,-0.567
1.005,-0.211,-0.211,0.129,0.470,-0.534
1.074,-0.366,-0.366,0.078,0.450,-0.501
1.179,-0.472,-0.472,0.039,0.430,-0.483
1.263,-0.589,-0.589,0.001,0.394,-0.462
1.337,-0.737,-0.737,-0.036,0.371,-0.461
1.526,-0.910,-0.910,-0.054,0.357,-0.464
1.613,-1.046,-1.046,-0.054,0.343,-0.476
1.594,-1.138,-1.138,-0.056,0.332,-0.499
1.558,-1.218,-1.218,-0.038,0.320,-0.531
1.517,-1.157,-1.157,-0.026,0.320,-0.557
1.431,-1.101,-1.101,-0.007,0.324,-0.589
1.383,-0.989,-0.989,0.006,0.325,-0.620
1.257,-0.904,-0.904,0.010,0.312,-0.639
1.208,-0.825,-0.825,0.007,0.288,-0.659
1.161,-0.691,-0.691,0.002,0.276,-0.677
1.109,-0.579,-0.579,0.000,0.276,-0.689
0.970,-0.370,-0.370,-0.005,0.285,-0.696
1.068,-0.212,-0.212,-0.020,0.288,-0.699
0.727,-0.128,-0.128,-0.031,0.266,-0.684
0.713,0.156,0.156,-0.100,0.262,-0.691
0.656,0.228,0.228,-0.152,0.302,-0.702
0.714,0.256,0.256,-0.164,0.302,-0.692
0.718,0.368,0.368,-0.194,0.316,-0.666
0.671,0.417,0.417,-0.223,0.322,-0.630
0.657,0.451,0.451,-0.245,0.313,-0.609
0.710,0.428,0.428,-0.282,0.322,-0.593
0.747,0.354,0.354,-0.305,0.341,-0.598
0.817,0.356,0.356,-0.316,0.347,-0.603
0.937,0.274,0.274,-0.333,0.352,-0.614
0.960,0.235,0.235,-0.346,0.366,-0.623
0.946,0.245,0.245,-0.348,0.366,-0.627
0.903,0.282,0.282,-0.354,0.368,-0.634
0.974,0.309,0.309,-0.353,0.376,-0.649
0.913,0.341,0.341,-0.350,0.382,-0.661
0.885,0.343,0.343,-0.355,0.385,-0.672
0.928,0.308,0.308,-0.370,0.382,-0.689
0.929,0.288,0.288,-0.384,0.376,-0.712
0.915,0.301,0.301,-0.388,0.376,-0.724
0.901,0.365,0.365,-0.396,0.383,-0.745
0.986,0.461,0.461,-0.413,0.390,-0.764
0.985,0.513,0.513,-0.430,0.392,-0.775
1.045,0.545,0.545,-0.447,0.410,-0.792
1.034,0.605,0.605,-0.438,0.428,-0.805
1.079,0.630,0.630,-0.431,0.446,-0.817
1.161,0.730,0.730,-0.398,0.461,-0.827
1.166,0.776,0.776,-0.362,0.484,-0.835
1.189,0.892,0.892,-0.328,0.492,-0.841
1.245,0.931,0.931,-0.287,0.506,-0.847
1.225,1.006,1.006,-0.249,0.506,-0.854
1.266,1.075,1.075,-0.222,0.520,-0.858
1.180,1.171,1.171,-0.176,0.526,-0.857
1.198,1.265,1.265,-0.149,0.519,-0.858
1.174,1.324,1.324,-0.139,0.496,-0.860
1.071,1.490,1.490,-0.153,0.461,-0.857
1.130,1.615,1.615,-0.172,0.426,-0.841
1.079,1.681,1.681,-0.176,0.413,-0.824
1.001,1.826,1.826,-0.175,0.405,-0.797
1.122,1.935,1.935,-0.189,0.416,-0.777
1.160,1.934,1.934,-0.209,0.425,-0.750
1.189,1.923,1.923,-0.221,0.430,-0.729
1.254,1.852,1.852,-0.244,0.442,-0.696
1.417,1.744,1.744,-0.255,0.453,-0.669
1.496,1.606,1.606,-0.258,0.469,-0.654
1.626,1.419,1.419,-0.253,0.494,-0.641
1.837,1.245,1.245,-0.248,0.499,-0.641
1.941,1.061,1.061,-0.243,0.494,-0.646
1.982,0.913,0.913,-0.244,0.490,-0.656
2.046,0.848,0.848,-0.233,0.483,-0.664
2.033,0.798,0.798,-0.227,0.481,-0.674
2.021,0.796,0.796,-0.222,0.476,-0.689
1.962,0.902,0.902,-0.226,0.466,-0.705
1.894,0.926,0.926,-0.231,0.471,-0.712
1.744,1.133,1.133,-0.231,0.479,-0.715
1.728,1.204,1.204,-0.235,0.488,-0.713
1.674,1.241,1.241,-0.238,0.492,-0.712
1.664,1.287,1.287,-0.260,0.499,-0.702
1.762,1.383,1.383,-0.271,0.493,-0.693
1.807,1.398,1.398,-0.277,0.496,-0.679
1.879,1.417,1.417,-0.276,0.499,-0.658
1.991,1.365,1.365,-0.264,0.503,-0.637

2.176,1.098,1.098,0.502,0.475,-0.569
2.100,1.137,1.137,0.497,0.435,-0.581
1.931,1.157,1.157,0.551,0.328,-0.582
1.949,1.227,1.227,0.549,0.355,-0.508
2.112,1.001,1.001,0.558,0.315,-0.474
2.074,0.911,0.911,0.524,0.241,-0.467
2.113,0.766,0.766,0.502,0.135,-0.480
2.037,0.793,0.793,0.516,0.047,-0.488
1.870,0.979,0.979,0.501,0.028,-0.452
2.086,0.922,0.922,0.440,0.006,-0.420
2.002,0.875,0.875,0.332,-0.005,-0.442
1.986,0.886,0.886,0.203,-0.038,-0.495
2.016,0.812,0.812,0.072,-0.061,-0.581
1.990,0.828,0.828,0.030,-0.092,-0.625
2.025,0.915,0.915,-0.003,-0.053,-0.618
2.130,0.685,0.685,-0.036,-0.006,-0.614
2.111,0.723,0.723,-0.071,0.013,-0.628
2.106,0.695,0.695,-0.099,0.022,-0.641
2.182,0.798,0.798,-0.098,0.016,-0.642
2.194,0.942,0.942,-0.125,0.043,-0.640
2.127,0.989,0.989,-0.178,0.106,-0.622
2.127,0.805,0.805,-0.221,0.145,-0.592
2.178,0.643,0.643,-0.267,0.162,-0.586
2.097,0.593,0.593,-0.332,0.184,-0.601
2.167,0.637,0.637,-0.418,0.217,-0.601
2.429,1.009,1.009,-0.470,0.201,-0.640
2.202,0.651,0.651,-0.587,0.309,-0.587
2.229,0.793,0.793,-0.577,0.223,-0.592
2.367,0.688,0.688,-0.595,0.214,-0.534
2.353,0.651,0.651,-0.593,0.267,-0.512
2.451,0.525,0.525,-0.552,0.311,-0.462
2.440,0.308,0.308,-0.514,0.353,-0.469
2.311,0.307,0.307,-0.483,0.390,-0.499
2.344,0.221,0.221,-0.426,0.399,-0.523
2.312,0.174,0.174,-0.350,0.362,-0.578
2.467,0.307,0.307,-0.302,0.351,-0.603
2.446,0.343,0.343,-0.234,0.318,-0.574
2.477,0.477,0.477,-0.226,0.322,-0.562
2.334,0.322,0.322,-0.244,0.374,-0.552
2.216,0.142,0.142,-0.212,0.394,-0.564
2.247,0.247,0.247,-0.142,0.318,-0.618
2.305,0.505,0.505,-0.109,0.278,-0.610
2.344,0.476,0.476,-0.087,0.295,-0.563
2.241,0.401,0.401,-0.071,0.314,-0.503
2.308,0.397,0.397,-0.066,0.305,-0.498
1.948,0.366,0.366,-0.060,0.288,-0.507
2.298,0.602,0.602,-0.033,0.192,-0.429
2.004,0.346,0.346,-0.105,0.266,-0.419
2.043,0.537,0.537,-0.145,0.331,-0.432
1.810,0.409,0.409,-0.150,0.378,-0.438
1.821,0.579,0.579,-0.153,0.360,-0.427
1.691,0.656,0.656,-0.179,0.350,-0.400
1.737,0.718,0.718,-0.204,0.296,-0.380
1.739,0.713,0.713,-0.287,0.334,-0.358
1.808,0.643,0.643,-0.310,0.355,-0.326
1.762,0.541,0.541,-0.316,0.386,-0.298
1.727,0.441,0.441,-0.312,0.397,-0.283
1.688,0.455,0.455,-0.304,0.390,-0.272
1.607,0.484,0.484,-0.315,0.367,-0.241
1.566,0.526,0.526,-0.348,0.334,-0.184
1.638,0.393,0.393,-0.348,0.316,-0.146
1.520,0.207,0.207,-0.386,0.335,-0.117
1.462,0.118,0.118,-0.403,0.346,-0.089
1.461,0.097,0.097,-0.415,0.344,-0.069
1.328,0.058,0.058,-0.435,0.335,-0.050
1.297,-0.033,-0.033,-0.461,0.326,-0.028
1.295,-0.121,-0.121,-0.452,0.288,0.012
1.189,-0.133,-0.133,-0.492,0.271,0.044
1.142,-0.243,-0.243,-0.543,0.253,0.063
1.077,-0.360,-0.360,-0.582,0.245,0.071
1.022,-0.503,-0.503,-0.603,0.219,0.057
0.997,-0.530,-0.530,-0.597,0.189,0.042
0.986,-0.576,-0.576,-0.589,0.168,0.029
0.981,-0.635,-0.635,-0.590,0.156,0.018
0.971,-0.683,-0.683,-0.591,0.143,0.010
0.900,-0.763,-0.763,-0.580,0.128,0.001
0.914,-0.743,-0.743,-0.556,0.113,-0.009
0.844,-0.714,-0.714,-0.520,0.107,-0.005
0.781,-0.653,-0.653,-0.478,0.103,-0.017
0.728,-0.659,-0.659,-0.451,0.113,-0.016
0.629,-0.636,-0.636,-0.413,0.117,-0.030
0.560,-0.624,-0.624,-0.359,0.094,-0.044
0.539,-0.545,-0.545,-0.321,0.082,-0.047
0.486,-0.459,-0.459,-0.288,0.081,-0.056
0.458,-0.432,-0.432,-0.268,0.086,-0.057
0.373,-0.376,-0.376,-0.262,0.090,-0.067
0.371,-0.279,-0.279,-0.242,0.088,-0.072
0.246,-0.246,-0.246,-0.202,0.083,-0.050
0.185,-0.203,-0.203,-0.172,0.063,-0.032
0.139,-0.204,-0.204,-0.135,0.039,-0.017
0.080,-0.172,-0.172,-0.113,0.031,-0.018
0.026,-0.093,-0.093,-0.104,0.034,-0.020
0.035,-0.091,-0.091,-0.103,0.032,-0.021
0.030,-0.047,-0.047,-0.117,0.018,-0.023
0.039,-0.041,-0.041,-0.134,0.006,-0.023
-0.004,-0.036,-0.036,-0.162,-0.005,-0.022
-0.018,-0.101,-0.101,-0.183,-0.015,-0.015
0.001,-0.174,-0.174,-0.193,-0.015,-0.013
0.010,-0.222,-0.222,-0.192,-0.011,-0.012
0.057,-0.232,-0.232,-0.187,-0.012,-0.017
0.028,-0.293,-0.293,-0.184,-0.014,-0.021
0.018,-0.245,-0.245,-0.185,-0.019,-0.030
-0.025,-0.122,-0.122,-0.198,-0.035,-0.037
-0.076,-0.068,-0.068,-0.212,-0.056,-0.040
-0.037,-0.076,-0.076,-0.217,-0.067,-0.039
-0.036,-0.164,-0.164,-0.212,-0.074,-0.038
-0.021,-0.104,-0.104,-0.193,-0.081,-0.042
-0.077,-0.032,-0.032,-0.181,-0.089,-0.046
-0.132,0.044,0.044,-0.173,-0.104,-0.049
-0.167,0.202,0.202,-0.171,-0.115,-0.048
-0.215,0.306,0.306,-0.176,-0.121,-0.047
-0.258,0.361,0.361,-0.189,-0.126,-0.038
-0.304,0.368,0.368,-0.198,-0.132,-0.029
-0.284,0.389,0.389,-0.203,-0.135,-0.023
-0.321,0.329,0.329,-0.187,-0.126,-0.011
-0.328,0.370,0.370,-0.156,-0.116,0.003
-0.336,0.414,0.414,-0.139,-0.116,0.014
-0.264,0.387,0.387,-0.126,-0.118,0.024
-0.258,0.360,0.360,-0.118,-0.126,0.048

-1.509,0.728,0.728,0.270,-0.952,0.872
-1.643,0.971,0.971,0.266,-0.927,0.912
-1.995,1.219,1.219,0.242,-0.876,0.958
-2.185,1.401,1.401,0.229,-0.857,1.001
-2.305,1.716,1.716,0.178,-0.814,1.073
-2.611,1.813,1.813,0.107,-0.784,1.158
-2.484,1.641,1.641,0.015,-0.751,1.242
-2.350,1.406,1.406,-0.063,-0.730,1.288
-2.289,1.040,1.040,-0.146,-0.689,1.343
-2.139,0.587,0.587,-0.217,-0.650,1.383
-2.059,0.228,0.228,-0.270,-0.632,1.399
-2.013,-0.316,-0.316,-0.339,-0.619,1.408
-1.973,-0.779,-0.779,-0.409,-0.640,1.383
-1.943,-0.988,-0.988,-0.450,-0.670,1.353
-1.881,-1.217,-1.217,-0.507,-0.700,1.306
-1.937,-1.371,-1.371,-0.556,-0.697,1.264
-2.039,-1.466,-1.466,-0.569,-0.696,1.229
-2.125,-1.469,-1.469,-0.569,-0.683,1.186
-2.270,-1.492,-1.492,-0.531,-0.675,1.154
-2.314,-1.420,-1.420,-0.459,-0.675,1.114
-2.272,-1.340,-1.340,-0.347,-0.657,1.092
-2.377,-1.299,-1.299,-0.233,-0.601,1.080
-2.494,-1.202,-1.202,-0.147,-0.578,1.060
-2.505,-1.094,-1.094,-0.028,-0.562,1.035
-2.605,-1.016,-1.016,0.084,-0.566,1.014
-2.708,-0.756,-0.756,0.148,-0.565,0.995
-2.841,-0.506,-0.506,0.219,-0.557,0.992
-3.000,-0.252,-0.252,0.276,-0.541,0.998
-3.067,0.016,0.016,0.309,-0.525,1.004
-3.109,0.222,0.222,0.329,-0.491,1.039
-3.225,0.297,0.297,0.327,-0.448,1.051
-3.381,0.334,0.334,0.308,-0.452,1.063
-3.299,0.308,0.308,0.274,-0.432,1.081
-3.322,0.213,0.213,0.241,-0.426,1.119
-3.355,0.058,0.058,0.200,-0.407,1.155
-3.433,-0.112,-0.112,0.177,-0.398,1.181
-3.256,-0.232,-0.232,0.178,-0.408,1.224
-3.327,-0.391,-0.391,0.144,-0.367,1.248
-3.317,-0.594,-0.594,0.135,-0.385,1.248
-3.274,-0.986,-0.986,0.114,-0.410,1.249
-3.185,-1.253,-1.253,0.065,-0.420,1.238
-3.173,-1.448,-1.448,0.020,-0.414,1.225
-3.283,-1.766,-1.766,-0.043,-0.429,1.197
-3.138,-2.050,-2.050,-0.092,-0.476,1.170
-3.197,-2.164,-2.164,-0.093,-0.502,1.127
-3.096,-2.271,-2.271,-0.101,-0.540,1.076
-3.334,-2.310,-2.310,-0.089,-0.525,1.016
-3.342,-2.231,-2.231,-0.076,-0.541,0.982
-3.398,-2.219,-2.219,-0.092,-0.499,0.931
-3.696,-2.100,-2.100,-0.056,-0.544,0.888
-3.458,-1.917,-1.917,-0.052,-0.570,0.868
-3.473,-1.907,-1.907,-0.073,-0.510,0.834
-3.577,-1.906,-1.906,-0.049,-0.478,0.812
-3.416,-1.779,-1.779,0.012,-0.463,0.803
-3.550,-1.631,-1.631,0.073,-0.457,0.778
-3.507,-1.603,-1.603,0.139,-0.474,0.770
-3.235,-1.557,-1.557,0.156,-0.433,0.768
-3.339,-1.624,-1.624,0.160,-0.390,0.759
-3.263,-1.446,-1.446,0.217,-0.401,0.742
-3.235,-1.506,-1.506,0.241,-0.371,0.741
-3.105,-1.443,-1.443,0.247,-0.363,0.736
-3.113,-1.494,-1.494,0.230,-0.325,0.720
-3.135,-1.558,-1.558,0.239,-0.326,0.712
-3.148,-1.527,-1.527,0.260,-0.349,0.696
-2.968,-1.586,-1.586,0.260,-0.330,0.689
-3.054,-1.742,-1.742,0.262,-0.313,0.681
-2.866,-1.669,-1.669,0.256,-0.309,0.652
-2.827,-1.922,-1.922,0.229,-0.279,0.623
-2.663,-2.025,-2.025,0.223,-0.329,0.604
-2.488,-1.923,-1.923,0.194,-0.315,0.575
-2.480,-2.077,-2.077,0.144,-0.265,0.541
-2.491,-2.106,-2.106,0.123,-0.260,0.495
-2.324,-2.003,-2.003,0.106,-0.235,0.446
-2.433,-2.010,-2.010,0.103,-0.221,0.416
-2.229,-1.885,-1.885,0.094,-0.219,0.399
-2.208,-1.782,-1.782,0.077,-0.199,0.359
-2.131,-1.633,-1.633,0.071,-0.194,0.336
-2.046,-1.540,-1.540,0.069,-0.178,0.318
-2.038,-1.462,-1.462,0.054,-0.171,0.295
-2.035,-1.447,-1.447,0.050,-0.178,0.279
-1.821,-1.263,-1.263,0.048,-0.190,0.265
-1.808,-1.163,-1.163,0.034,-0.158,0.242
-1.753,-1.158,-1.158,0.021,-0.132,0.242
-1.694,-1.018,-1.018,0.049,-0.129,0.242
-1.674,-0.903,-0.903,0.063,-0.107,0.247
-1.594,-0.951,-0.951,0.056,-0.082,0.244
-1.515,-0.955,-0.955,0.043,-0.061,0.233
-1.429,-0.936,-0.936,0.034,-0.070,0.216
-1.330,-0.936,-0.936,0.015,-0.081,0.208
-1.251,-0.941,-0.941,-0.017,-0.087,0.200
-1.156,-0.922,-0.922,-0.024,-0.111,0.197
-1.077,-0.937,-0.937,-0.028,-0.101,0.185
-1.060,-0.904,-0.904,-0.013,-0.090,0.161
-0.987,-0.839,-0.839,0.011,-0.067,0.146
-0.920,-0.771,-0.771,0.023,-0.049,0.130
-0.907,-0.783,-0.783,0.018,-0.036,0.122
-0.874,-0.725,-0.725,0.006,-0.026,0.110
-0.805,-0.701,-0.701,0.000,-0.028,0.098
-0.808,-0.706,-0.706,-0.007,-0.018,0.093
-0.764,-0.777,-0.777,-0.014,0.002,0.081
-0.725,-0.766,-0.766,-0.015,0.011,0.065
-0.696,-0.727,-0.727,-0.017,0.020,0.049
-0.631,-0.689,-0.689,-0.023,0.031,0.033
-0.576,-0.741,-0.741,-0.036,0.035,0.022
-0.517,-0.750,-0.750,-0.052,0.040,0.016
-0.441,-0.772,-0.772,-0.079,0.055,0.006
-0.357,-0.804,-0.804,-0.099,0.071,-0.004
-0.294,-0.825,-0.825,-0.109,0.083,-0.011
-0.269,-0.879,-0.879,-0.114,0.093,-0.026
-0.231,-0.861,-0.861,-0.117,0.106,-0.043
-0.151,-0.853,-0.853,-0.119,0.118,-0.059
-0.120,-0.804,-0.804,-0.110,0.129,-0.079
-0.047,-0.726,-0.726,-0.110,0.151,-0.084
-0.042,-0.745,-0.745,-0.116,0.172,-0.099
-0.135,-0.702,-0.702,-0.132,0.183,-0.118
-0.123,-0.608,-0.608,-0.144,0.183,-0.129
-0.139,-0.507,-0.507,-0.151,0.186,-0.136
-0.169,-0.473,-0.473,-0.144,0.190,-0.131
-0.166,-0.449,-0.449,-0.123,0.200,-0.119

-1.112,-2.200,-2.200,0.250,0.126,-0.261
-1.025,-2.052,-2.052,0.270,0.117,-0.293
-0.934,-1.903,-1.903,0.280,0.112,-0.319
-0.859,-1.771,-1.771,0.286,0.105,-0.336
-0.752,-1.680,-1.680,0.278,0.099,-0.363
-0.695,-1.548,-1.548,0.263,0.073,-0.397
-0.583,-1.404,-1.404,0.249,0.043,-0.428
-0.543,-1.352,-1.352,0.238,0.032,-0.445
-0.457,-1.232,-1.232,0.230,0.040,-0.462
-0.354,-1.183,-1.183,0.230,0.053,-0.480
-0.342,-1.089,-1.089,0.233,0.060,-0.493
-0.223,-1.016,-1.016,0.227,0.069,-0.511
-0.157,-0.916,-0.916,0.202,0.095,-0.531
-0.098,-0.860,-0.860,0.180,0.115,-0.546
0.050,-0.758,-0.758,0.152,0.136,-0.567
0.128,-0.626,-0.626,0.130,0.150,-0.581
0.112,-0.524,-0.524,0.112,0.159,-0.584
0.171,-0.448,-0.448,0.070,0.164,-0.592
0.275,-0.420,-0.420,0.028,0.176,-0.590
0.302,-0.323,-0.323,-0.003,0.184,-0.586
0.282,-0.161,-0.161,-0.065,0.186,-0.583
0.394,-0.060,-0.060,-0.153,0.179,-0.578
0.471,-0.007,-0.007,-0.216,0.183,-0.571
0.475,-0.054,-0.054,-0.280,0.198,-0.562
0.574,-0.128,-0.128,-0.315,0.210,-0.558
0.595,-0.177,-0.177,-0.333,0.218,-0.557
0.616,-0.154,-0.154,-0.336,0.231,-0.552
0.726,-0.151,-0.151,-0.341,0.241,-0.545
0.707,-0.176,-0.176,-0.350,0.246,-0.542
0.735,-0.243,-0.243,-0.361,0.247,-0.540
0.762,-0.281,-0.281,-0.352,0.239,-0.540
0.747,-0.322,-0.322,-0.310,0.229,-0.538
0.859,-0.320,-0.320,-0.272,0.230,-0.532
0.870,-0.455,-0.455,-0.217,0.237,-0.526
0.819,-0.399,-0.399,-0.164,0.219,-0.529
0.859,-0.339,-0.339,-0.142,0.209,-0.532
0.814,-0.285,-0.285,-0.137,0.205,-0.545
0.788,-0.266,-0.266,-0.147,0.194,-0.565
0.773,-0.246,-0.246,-0.158,0.180,-0.587
0.762,-0.171,-0.171,-0.177,0.160,-0.614
0.742,-0.097,-0.097,-0.211,0.139,-0.646
0.746,-0.142,-0.142,-0.246,0.119,-0.670
0.834,-0.233,-0.233,-0.288,0.113,-0.693
0.756,-0.257,-0.257,-0.309,0.103,-0.705
0.680,-0.228,-0.228,-0.304,0.080,-0.725
0.587,-0.026,-0.026,-0.316,0.094,-0.750
0.425,0.049,0.049,-0.297,0.088,-0.747
0.388,0.142,0.142,-0.288,0.088,-0.759
0.474,0.266,0.266,-0.281,0.105,-0.766
0.474,0.378,0.378,-0.305,0.149,-0.786
0.488,0.441,0.441,-0.326,0.153,-0.786
0.586,0.362,0.362,-0.342,0.153,-0.773
0.734,0.322,0.322,-0.348,0.178,-0.762
0.837,0.160,0.160,-0.332,0.202,-0.751
0.792,0.044,0.044,-0.292,0.236,-0.757
0.879,-0.074,-0.074,-0.231,0.232,-0.777
0.796,0.069,0.069,-0.204,0.263,-0.830
0.926,0.119,0.119,-0.131,0.245,-0.832
0.856,0.210,0.210,-0.081,0.327,-0.851
0.890,0.234,0.234,0.022,0.314,-0.827
.877,0.323,0.323,0.062,0.379,-0.829
0.794,0.354,0.354,0.146,0.417,-0.819
0.646,0.469,0.469,0.236,0.412,-0.822
0.751,0.516,0.516,0.305,0.372,-0.794
0.731,0.595,0.595,0.315,0.432,-0.779
0.698,0.555,0.555,0.345,0.396,-0.762
0.740,0.511,0.511,0.322,0.372,-0.764
0.960,0.449,0.449,0.242,0.380,-0.788
0.913,0.407,0.407,0.162,0.403,-0.813
0.908,0.409,0.409,0.127,0.394,-0.828
1.017,0.424,0.424,0.081,0.396,-0.840
0.954,0.444,0.444,0.036,0.450,-0.858
0.978,0.383,0.383,0.035,0.445,-0.861
1.061,0.366,0.366,0.007,0.459,-0.895
1.096,0.387,0.387,-0.032,0.493,-0.926
1.051,0.468,0.468,-0.037,0.506,-0.945
0.964,0.623,0.623,-0.024,0.502,-0.962
1.015,0.672,0.672,-0.018,0.499,-0.971
1.047,0.668,0.668,-0.024,0.497,-0.983
0.979,0.744,0.744,-0.066,0.548,-1.010
0.851,0.757,0.757,-0.090,0.578,-1.028
0.862,0.850,0.850,-0.095,0.559,-1.066
1.075,0.875,0.875,-0.098,0.548,-1.039
1.035,1.022,1.022,-0.105,0.528,-1.022
1.178,1.048,1.048,-0.110,0.513,-0.997
1.225,0.990,0.990,-0.116,0.523,-0.992
1.449,0.895,0.895,-0.122,0.518,-1.022
1.608,0.708,0.708,-0.102,0.498,-1.075
1.149,0.698,0.698,0.063,0.332,-1.154
1.346,0.933,0.933,0.112,0.401,-1.140
1.629,0.896,0.896,0.070,0.446,-1.145
1.737,1.009,1.009,0.007,0.447,-1.176
1.379,0.942,0.942,0.019,0.319,-1.271
1.506,1.163,1.163,0.014,0.428,-1.195
1.884,0.787,0.787,0.002,0.457,-1.219
1.452,0.936,0.936,0.000,0.377,-1.374
1.339,1.100,1.100,-0.043,0.525,-1.327
1.744,0.834,0.834,-0.090,0.615,-1.351
1.465,0.911,0.911,-0.076,0.545,-1.440
1.215,1.081,1.081,-0.029,0.550,-1.460
1.529,1.233,1.233,-0.038,0.579,-1.448
1.390,1.363,1.363,-0.031,0.545,-1.407
1.761,1.434,1.434,-0.095,0.645,-1.320
1.839,1.246,1.246,-0.049,0.576,-1.316
1.553,1.639,1.639,-0.030,0.568,-1.232
1.644,1.667,1.667,-0.055,0.689,-1.128
1.724,1.507,1.507,-0.051,0.747,-1.061
1.905,1.871,1.871,-0.206,0.677,-1.071
1.895,1.191,1.191,-0.162,0.523,-1.092
2.242,1.866,1.866,-0.061,0.706,-1.017
2.287,1.284,1.284,0.078,0.695,-0.998
1.302,1.719,1.719,0.177,0.684,-0.957
1.975,1.661,1.661,0.205,0.749,-0.858
1.819,1.426,1.426,0.249,0.760,-0.819
1.641,1.562,1.562,0.233,0.716,-0.809
1.801,1.596,1.596,0.237,0.666,-0.794
1.901,1.705,1.705,0.267,0.637,-0.736
2.379,1.347,1.347,0.351,0.538,-0.687
1.872,1.461,1.461,0.415,0.487,-0.692

0.510,0.924,0.924,-0.049,0.395,-0.812
0.646,1.014,1.014,-0.051,0.379,-0.797
0.722,0.942,0.942,-0.086,0.422,-0.770
0.604,0.965,0.965,-0.082,0.411,-0.790
0.784,1.044,1.044,-0.087,0.420,-0.799
0.834,0.920,0.920,-0.130,0.517,-0.814
0.855,0.930,0.930,-0.110,0.499,-0.805
0.880,0.879,0.879,-0.077,0.466,-0.798
0.980,0.866,0.866,-0.059,0.447,-0.808
1.172,0.801,0.801,-0.021,0.446,-0.800
1.209,0.710,0.710,0.000,0.483,-0.791
1.251,0.706,0.706,0.054,0.481,-0.801
1.367,0.729,0.729,0.076,0.502,-0.825
1.349,0.714,0.714,0.079,0.530,-0.826
1.467,0.756,0.756,0.098,0.511,-0.816
1.480,0.615,0.615,0.081,0.561,-0.816
1.357,0.687,0.687,0.076,0.580,-0.851
1.217,0.720,0.720,0.097,0.564,-0.871
1.188,0.767,0.767,0.110,0.528,-0.908
1.159,0.822,0.822,0.119,0.486,-0.922
1.272,0.838,0.838,0.095,0.484,-0.932
1.139,0.732,0.732,0.109,0.485,-0.952
1.074,0.891,0.891,0.146,0.447,-0.975
1.353,0.991,0.991,0.172,0.437,-0.966
1.546,0.961,0.961,0.127,0.503,-0.962
1.360,0.942,0.942,0.125,0.516,-0.979
1.469,1.125,1.125,0.139,0.495,-1.004
1.477,1.084,1.084,0.189,0.481,-0.972
1.514,1.306,1.306,0.245,0.440,-0.964
1.633,1.397,1.397,0.241,0.474,-0.947
1.568,1.407,1.407,0.218,0.562,-0.918
1.471,1.416,1.416,0.252,0.566,-0.888
1.479,1.435,1.435,0.260,0.554,-0.873
1.417,1.453,1.453,0.245,0.525,-0.875
1.510,1.401,1.401,0.225,0.479,-0.885
1.574,1.316,1.316,0.205,0.458,-0.880
1.608,1.210,1.210,0.218,0.431,-0.851
1.642,1.116,1.116,0.241,0.408,-0.824
1.726,1.126,1.126,0.244,0.394,-0.802
1.710,1.010,1.010,0.211,0.445,-0.781
1.653,0.957,0.957,0.198,0.420,-0.788
1.760,0.966,0.966,0.156,0.429,-0.791
1.777,0.885,0.885,0.104,0.454,-0.801
1.816,0.797,0.797,0.049,0.497,-0.811
1.630,0.622,0.622,0.068,0.467,-0.825
1.818,0.868,0.868,0.059,0.450,-0.876
1.552,0.770,0.770,0.070,0.433,-0.890
1.506,0.980,0.980,0.085,0.368,-0.928
1.711,1.101,1.101,0.035,0.384,-0.925
1.738,1.145,1.145,-0.001,0.420,-0.891
1.797,1.052,1.052,-0.070,0.503,-0.861
1.395,0.716,0.716,-0.110,0.580,-0.877
1.358,0.946,0.946,-0.068,0.486,-0.983
1.668,1.007,1.007,-0.070,0.477,-0.992
1.672,0.935,0.935,-0.055,0.463,-0.970
1.738,1.090,1.090,-0.065,0.511,-0.939
1.740,1.031,1.031,-0.073,0.571,-0.906
1.602,0.935,0.935,-0.034,0.595,-0.869
1.655,0.851,0.851,0.001,0.590,-0.861
1.833,0.899,0.899,-0.011,0.598,-0.885
1.848,0.783,0.783,-0.031,0.639,-0.877
1.787,0.791,0.791,-0.015,0.640,-0.878
1.808,0.836,0.836,-0.023,0.663,-0.880
1.579,0.749,0.749,-0.015,0.662,-0.895
1.585,0.903,0.903,-0.010,0.639,-0.940
1.638,0.931,0.931,-0.034,0.629,-0.956
1.587,0.955,0.955,-0.047,0.613,-0.970
1.606,1.053,1.053,-0.073,0.604,-0.980
1.696,1.051,1.051,-0.093,0.610,-0.970
1.695,1.030,1.030,-0.097,0.607,-0.972
1.680,1.127,1.127,-0.093,0.607,-0.972
1.618,1.226,1.226,-0.076,0.598,-0.964
1.581,1.296,1.296,-0.069,0.600,-0.952
1.634,1.439,1.439,-0.056,0.591,-0.938
1.648,1.522,1.522,-0.047,0.567,-0.919
1.634,1.558,1.558,-0.039,0.553,-0.902
1.644,1.550,1.550,0.000,0.538,-0.872
1.705,1.711,1.711,0.043,0.536,-0.861
1.769,1.715,1.715,0.069,0.577,-0.816
1.818,1.605,1.605,0.132,0.575,-0.742
1.829,1.564,1.564,0.158,0.577,-0.696
1.816,1.467,1.467,0.176,0.575,-0.659
1.864,1.433,1.433,0.192,0.567,-0.608
1.831,1.254,1.254,0.238,0.546,-0.584
1.846,1.205,1.205,0.246,0.549,-0.601
1.950,1.116,1.116,0.246,0.567,-0.597
1.977,0.953,0.953,0.256,0.573,-0.600
2.069,0.891,0.891,0.270,0.544,-0.601
2.027,0.934,0.934,0.281,0.533,-0.589
1.973,0.986,0.986,0.292,0.524,-0.552
2.140,1.093,1.093,0.294,0.521,-0.504
1.454,0.762,0.762,0.282,0.477,-0.536
2.223,1.004,1.004,0.225,0.520,-0.436
1.756,0.736,0.736,0.183,0.543,-0.476
1.702,0.791,0.791,0.209,0.414,-0.465
1.987,0.912,0.912,0.210,0.286,-0.413
2.036,0.720,0.720,0.167,0.387,-0.282
1.817,0.597,0.597,0.171,0.426,-0.258
1.739,0.581,0.581,0.204,0.375,-0.247
1.817,0.635,0.635,0.170,0.341,-0.268
1.771,0.519,0.519,0.109,0.380,-0.282
1.768,0.555,0.555,0.084,0.365,-0.333
1.836,0.572,0.572,0.063,0.397,-0.363
1.861,0.509,0.509,0.057,0.449,-0.327
1.786,0.584,0.584,0.081,0.470,-0.301
1.637,0.483,0.483,0.109,0.458,-0.284
1.727,0.727,0.727,0.098,0.480,-0.292
1.641,0.562,0.562,0.128,0.504,-0.242
1.800,0.912,0.912,0.160,0.523,-0.263
1.506,0.434,0.434,0.227,0.534,-0.209
1.593,0.871,0.871,0.226,0.540,-0.256
1.590,0.825,0.825,0.255,0.537,-0.212
1.516,0.912,0.912,0.282,0.527,-0.169
1.570,0.992,0.992,0.310,0.510,-0.140
1.590,0.902,0.902,0.316,0.544,-0.085
1.530,0.772,0.772,0.338,0.550,-0.055
1.509,0.728,0.728,0.336,0.560,-0.054
1.488,0.549,0.549,0.329,0.559,-0.028
1.491,0.426,0.426,0.301,0.561,-0.018

1.646,-0.630,-0.630,0.087,0.022,0.050
1.787,-0.613,-0.613,0.106,0.028,0.044
1.939,-0.559,-0.559,0.122,0.035,0.026
2.069,-0.529,-0.529,0.134,0.037,0.012
2.333,-0.532,-0.532,0.145,0.037,0.002
2.450,-0.489,-0.489,0.137,0.033,-0.010
2.580,-0.385,-0.385,0.114,0.032,-0.019
2.688,-0.260,-0.260,0.098,0.016,-0.026
2.747,-0.152,-0.152,0.077,-0.007,-0.037
2.968,-0.078,-0.078,0.055,-0.045,-0.044
3.120,-0.067,-0.067,0.037,-0.067,-0.036
3.194,-0.000,-0.000,0.033,-0.086,-0.029
3.299,0.056,0.056,0.026,-0.112,-0.022
3.411,0.149,0.149,0.015,-0.144,-0.018
3.526,0.244,0.244,0.011,-0.177,-0.004
3.587,0.300,0.300,-0.004,-0.210,0.023
3.614,0.243,0.243,-0.016,-0.276,0.057
3.720,0.271,0.271,-0.020,-0.347,0.070
3.805,0.172,0.172,-0.076,-0.344,0.083
3.935,0.159,0.159,-0.032,-0.457,0.122
3.772,0.015,0.015,-0.055,-0.458,0.160
3.809,0.104,0.104,0.016,-0.609,0.155
3.921,0.177,0.177,0.011,-0.658,0.154
3.861,0.140,0.140,0.046,-0.717,0.199
3.685,0.194,0.194,0.069,-0.777,0.203
3.527,0.396,0.396,0.114,-0.881,0.217
3.466,0.445,0.445,0.148,-0.940,0.270
3.228,0.586,0.586,0.164,-0.992,0.296
3.093,0.823,0.823,0.165,-1.041,0.318
2.914,0.966,0.966,0.173,-1.063,0.362
2.574,1.200,1.200,0.193,-1.071,0.411
2.443,1.392,1.392,0.238,-1.124,0.458
2.262,1.524,1.524,0.255,-1.141,0.506
2.175,1.606,1.606,0.258,-1.136,0.544
1.958,1.560,1.560,0.260,-1.160,0.580
1.722,1.627,1.627,0.214,-1.131,0.634
1.518,1.660,1.660,0.170,-1.113,0.645
1.375,1.636,1.636,0.110,-1.115,0.710
1.090,1.515,1.515,0.053,-1.182,0.777
1.016,1.573,1.573,-0.021,-1.228,0.802
0.930,1.425,1.425,-0.130,-1.272,0.861
0.724,1.307,1.307,-0.188,-1.326,0.927
0.705,1.384,1.384,-0.245,-1.323,0.979
0.517,1.272,1.272,-0.304,-1.298,1.051
0.211,1.246,1.246,-0.352,-1.302,1.103
0.127,1.287,1.287,-0.398,-1.312,1.131
-0.077,1.308,1.308,-0.462,-1.340,1.159
-0.287,1.301,1.301,-0.499,-1.366,1.198
-0.366,1.289,1.289,-0.506,-1.398,1.231
-0.499,1.315,1.315,-0.506,-1.464,1.265
-0.682,1.326,1.326,-0.498,-1.484,1.296
-0.832,1.248,1.248,-0.468,-1.528,1.311
-0.891,1.256,1.256,-0.421,-1.555,1.327
-0.920,1.329,1.329,-0.369,-1.598,1.368
-1.066,1.223,1.223,-0.336,-1.583,1.388
-1.157,1.217,1.217,-0.262,-1.628,1.399
-1.218,1.052,1.052,-0.225,-1.643,1.412
-1.264,0.937,0.937,-0.192,-1.684,1.403
-1.342,0.820,0.820,-0.178,-1.710,1.394
-1.404,0.710,0.710,-0.144,-1.763,1.382
-1.456,0.630,0.630,-0.105,-1.794,1.378
-1.526,0.627,0.627,-0.071,-1.805,1.357
-1.626,0.595,0.595,-0.017,-1.812,1.336
-1.739,0.644,0.644,0.039,-1.804,1.316
-1.850,0.772,0.772,0.093,-1.795,1.300
-1.926,0.987,0.987,0.154,-1.777,1.293
-2.051,1.131,1.131,0.190,-1.755,1.291
-2.114,1.371,1.371,0.192,-1.740,1.290
-2.175,1.546,1.546,0.127,-1.703,1.293
-2.366,1.726,1.726,0.045,-1.688,1.294
-2.379,1.809,1.809,-0.001,-1.673,1.308
-2.412,1.843,1.843,-0.092,-1.607,1.328
-2.579,1.792,1.792,-0.123,-1.597,1.355
-2.612,1.925,1.925,-0.154,-1.591,1.356
-2.654,2.009,2.009,-0.212,-1.518,1.371
-2.878,2.114,2.114,-0.265,-1.444,1.390
-2.937,2.109,2.109,-0.296,-1.403,1.420
-2.944,2.072,2.072,-0.354,-1.327,1.453
-3.195,1.969,1.969,-0.412,-1.252,1.482
-3.347,1.860,1.860,-0.448,-1.178,1.497
-3.407,1.794,1.794,-0.451,-1.153,1.510
-3.418,1.669,1.669,-0.441,-1.088,1.546
-3.575,1.467,1.467,-0.424,-1.020,1.586
-3.523,1.353,1.353,-0.405,-0.994,1.598
-3.602,1.007,1.007,-0.379,-0.950,1.619
-3.657,0.743,0.743,-0.348,-0.918,1.620
-3.706,0.512,0.512,-0.298,-0.925,1.614
-3.697,0.300,0.300,-0.214,-0.943,1.600
-3.797,0.271,0.271,-0.134,-0.937,1.593
-3.909,0.317,0.317,-0.081,-0.929,1.584
-3.976,0.348,0.348,-0.019,-0.898,1.594
-4.197,0.247,0.247,0.050,-0.881,1.603
-4.334,0.383,0.383,0.104,-0.890,1.597
-4.505,0.605,0.605,0.158,-0.855,1.601
-4.842,0.823,0.823,0.202,-0.812,1.628
-5.036,0.943,0.943,0.209,-0.774,1.650
-5.217,0.966,0.966,0.181,-0.756,1.695
-5.333,0.787,0.787,0.101,-0.714,1.758
-5.372,0.631,0.631,0.013,-0.667,1.793
-5.396,0.229,0.229,-0.087,-0.632,1.837
-5.508,-0.072,-0.072,-0.176,-0.568,1.893
-5.595,-0.300,-0.300,-0.220,-0.521,1.935
-5.667,-0.609,-0.609,-0.277,-0.476,1.986
-5.760,-0.944,-0.944,-0.333,-0.449,2.023
-5.837,-1.244,-1.244,-0.401,-0.431,2.045
-5.870,-1.510,-1.510,-0.448,-0.421,2.053
-5.927,-1.850,-1.850,-0.510,-0.396,2.050
-5.916,-2.222,-2.222,-0.557,-0.374,2.044
-5.887,-2.487,-2.487,-0.581,-0.358,2.035
-5.891,-2.860,-2.860,-0.596,-0.347,2.014
-5.825,-3.286,-3.286,-0.584,-0.338,1.977
-5.661,-3.595,-3.595,-0.553,-0.332,1.950
-5.520,-4.012,-4.012,-0.495,-0.331,1.908
-5.339,-4.340,-4.340,-0.428,-0.346,1.861
-5.322,-4.511,-4.511,-0.387,-0.358,1.812
-4.999,-4.730,-4.730,-0.321,-0.407,1.727
-5.007,-5.053,-5.053,-0.287,-0.408,1.652
-5.095,-5.084,-5.084,-0.249,-0.434,1.543
-4.955,-5.160,-5.160,-0.208,-0.399,1.424

-4.817,-4.931,-4.931,-0.037,-0.350,1.282
-4.820,-4.607,-4.607,0.061,-0.327,1.220
-4.718,-4.459,-4.459,0.134,-0.301,1.179
-4.835,-4.215,-4.215,0.244,-0.301,1.121
-4.790,-3.877,-3.877,0.346,-0.260,1.062
-4.741,-3.556,-3.556,0.434,-0.167,1.027
-4.675,-3.377,-3.377,0.502,-0.112,1.012
-4.600,-3.037,-3.037,0.553,-0.073,0.994
-4.400,-2.821,-2.821,0.551,-0.029,0.988
-4.335,-2.765,-2.765,0.526,-0.015,0.984
-4.352,-2.742,-2.742,0.458,-0.001,0.968
-4.227,-2.725,-2.725,0.374,0.007,0.952
-4.209,-2.783,-2.783,0.314,0.014,0.947
-3.561,-2.723,-2.723,0.245,0.016,0.948
-4.658,-3.039,-3.039,0.299,-0.114,0.988
-4.181,-3.175,-3.175,0.339,-0.349,1.059
-2.117,-3.450,-3.450,-0.098,0.187,0.925
-4.087,-4.005,-4.005,-0.107,0.132,0.772
-3.367,-3.732,-3.732,0.016,-0.132,0.833
-2.333,-3.991,-3.991,-0.052,-0.100,0.850
-2.686,-4.549,-4.549,0.009,-0.201,0.935
-2.538,-4.543,-4.543,0.004,-0.190,0.875
-2.187,-4.565,-4.565,-0.036,-0.084,0.722
-2.411,-4.689,-4.689,0.065,-0.043,0.675
-2.203,-4.436,-4.436,0.176,-0.095,0.649
-1.887,-4.319,-4.319,0.172,0.012,0.567
-2.389,-4.167,-4.167,0.158,0.136,0.409
-2.055,-3.943,-3.943,0.160,0.153,0.334
-2.089,-3.704,-3.704,0.190,0.134,0.271
-1.934,-3.508,-3.508,0.222,0.079,0.268
-1.947,-3.316,-3.316,0.235,0.005,0.248
-1.758,-3.048,-3.048,0.208,-0.024,0.188
-1.638,-2.978,-2.978,0.149,-0.010,0.121
-1.413,-2.749,-2.749,0.172,-0.054,0.095
-1.446,-2.624,-2.624,0.190,-0.047,0.062
-1.178,-2.618,-2.618,0.185,-0.015,0.048
-1.257,-2.378,-2.378,0.171,0.017,-0.013
-1.167,-2.072,-2.072,0.163,0.027,-0.067
-1.031,-1.942,-1.942,0.161,0.033,-0.101
-0.926,-1.790,-1.790,0.149,0.064,-0.131
-1.095,-1.797,-1.797,0.132,0.089,-0.159
-0.796,-1.564,-1.564,0.123,0.105,-0.189
-0.926,-1.396,-1.396,0.107,0.142,-0.223
-0.884,-1.261,-1.261,0.112,0.103,-0.223
-0.697,-1.315,-1.315,0.036,0.146,-0.216
-0.763,-1.209,-1.209,-0.007,0.131,-0.235
-0.832,-1.185,-1.185,-0.003,0.109,-0.250
-0.496,-1.255,-1.255,-0.054,0.126,-0.238
-0.604,-1.174,-1.174,-0.076,0.129,-0.244
-0.563,-0.972,-0.972,-0.082,0.103,-0.278
-0.538,-1.182,-1.182,-0.114,0.117,-0.292
-0.443,-1.196,-1.196,-0.143,0.135,-0.297
-0.542,-1.121,-1.121,-0.150,0.163,-0.329
-0.414,-0.972,-0.972,-0.131,0.155,-0.352
-0.279,-1.051,-1.051,-0.139,0.202,-0.375
-0.264,-1.156,-1.156,-0.148,0.221,-0.388
-0.207,-1.213,-1.213,-0.158,0.228,-0.405
-0.146,-1.170,-1.170,-0.165,0.213,-0.437
-0.017,-1.226,-1.226,-0.176,0.206,-0.458
-0.017,-1.296,-1.296,-0.199,0.218,-0.485
0.054,-1.279,-1.279,-0.232,0.237,-0.532
0.091,-1.263,-1.263,-0.248,0.250,-0.581
0.117,-1.219,-1.219,-0.247,0.261,-0.607
0.124,-1.101,-1.101,-0.247,0.282,-0.640
0.107,-0.980,-0.980,-0.252,0.302,-0.677
0.124,-0.904,-0.904,-0.261,0.313,-0.702
0.201,-0.778,-0.778,-0.278,0.322,-0.735
0.263,-0.566,-0.566,-0.294,0.331,-0.760
0.206,-0.404,-0.404,-0.299,0.339,-0.775
0.197,-0.227,-0.227,-0.311,0.351,-0.790
0.222,-0.101,-0.101,-0.320,0.370,-0.796
0.278,-0.014,-0.014,-0.325,0.397,-0.807
0.301,0.043,0.043,-0.314,0.413,-0.808
0.346,0.098,0.098,-0.293,0.432,-0.812
0.344,0.199,0.199,-0.268,0.443,-0.812
0.394,0.256,0.256,-0.249,0.444,-0.814
0.362,0.326,0.326,-0.223,0.438,-0.813
0.341,0.512,0.512,-0.199,0.438,-0.811
0.353,0.502,0.502,-0.185,0.440,-0.811
0.393,0.567,0.567,-0.175,0.443,-0.812
0.512,0.542,0.542,-0.169,0.448,-0.821
0.628,0.521,0.521,-0.167,0.452,-0.831
0.686,0.459,0.459,-0.153,0.444,-0.847
0.752,0.525,0.525,-0.121,0.438,-0.858
0.737,0.613,0.613,-0.107,0.452,-0.864
0.750,0.671,0.671,-0.089,0.454,-0.876
0.792,0.761,0.761,-0.102,0.449,-0.888
0.893,0.769,0.769,-0.105,0.428,-0.895
0.974,0.806,0.806,-0.114,0.392,-0.895
1.053,0.822,0.822,-0.121,0.381,-0.890
1.013,0.797,0.797,-0.137,0.385,-0.892
1.016,0.818,0.818,-0.156,0.394,-0.900
0.907,0.933,0.933,-0.163,0.384,-0.913
0.973,0.929,0.929,-0.176,0.385,-0.906
0.935,0.896,0.896,-0.195,0.407,-0.904
0.996,0.901,0.901,-0.206,0.422,-0.904
1.065,0.879,0.879,-0.200,0.428,-0.909
1.105,0.753,0.753,-0.192,0.426,-0.899
1.214,0.658,0.658,-0.178,0.416,-0.892
1.251,0.678,0.678,-0.180,0.429,-0.899
1.263,0.650,0.650,-0.173,0.437,-0.899
1.191,0.736,0.736,-0.165,0.459,-0.913
1.167,0.810,0.810,-0.158,0.450,-0.924
1.177,0.832,0.832,-0.166,0.448,-0.930
1.210,0.886,0.886,-0.188,0.453,-0.934
1.204,0.966,0.966,-0.192,0.462,-0.934
1.157,0.942,0.942,-0.173,0.460,-0.928
1.190,0.999,0.999,-0.145,0.463,-0.932
1.288,0.857,0.857,-0.151,0.514,-0.918
1.154,0.750,0.750,-0.137,0.536,-0.932
1.197,0.796,0.796,-0.101,0.516,-0.927
1.319,0.766,0.766,-0.104,0.541,-0.926
1.320,0.657,0.657,-0.107,0.546,-0.929
1.289,0.663,0.663,-0.099,0.524,-0.939
1.446,0.631,0.631,-0.114,0.538,-0.948
1.366,0.576,0.576,-0.118,0.554,-0.963
1.470,0.583,0.583,-0.101,0.534,-0.964
1.464,0.642,0.642,-0.087,0.520,-1.014
1.552,0.723,0.723,-0.060,0.507,-1.017

2.680,0.023,0.023,0.166,-0.126,0.013
2.979,0.079,0.079,0.184,-0.152,0.013
3.290,0.181,0.181,0.210,-0.190,0.014
3.604,0.285,0.285,0.239,-0.214,0.016
3.757,0.345,0.345,0.256,-0.230,0.015
4.025,0.540,0.540,0.283,-0.253,0.019
4.216,0.778,0.778,0.302,-0.276,0.035
4.310,1.006,1.006,0.318,-0.295,0.060
4.435,1.305,1.305,0.335,-0.332,0.106
4.440,1.570,1.570,0.339,-0.381,0.163
4.506,1.679,1.679,0.335,-0.430,0.218
4.618,1.932,1.932,0.326,-0.515,0.281
4.760,1.865,1.865,0.289,-0.595,0.336
4.909,1.743,1.743,0.339,-0.772,0.376
4.994,2.178,2.178,0.266,-0.891,0.431
5.007,1.618,1.618,0.123,-0.980,0.536
5.273,1.332,1.332,0.060,-1.093,0.584
5.308,1.146,1.146,0.057,-1.205,0.626
5.465,0.865,0.865,0.039,-1.354,0.659
5.562,0.519,0.519,0.018,-1.444,0.673
5.357,0.279,0.279,-0.090,-1.456,0.652
5.794,0.119,0.119,0.059,-1.567,0.677
5.716,-0.067,-0.067,0.089,-1.623,0.657
5.705,-0.094,-0.094,0.114,-1.670,0.662
5.586,-0.359,-0.359,0.113,-1.709,0.631
5.634,-0.216,-0.216,0.138,-1.780,0.561
5.441,-0.188,-0.188,0.188,-1.838,0.566
5.210,-0.072,-0.072,0.190,-1.866,0.552
4.909,0.145,0.145,0.223,-1.918,0.548
4.623,0.419,0.419,0.248,-1.979,0.527
4.301,0.782,0.782,0.236,-2.048,0.504
4.041,1.109,1.109,0.204,-2.092,0.516
3.655,1.345,1.345,0.165,-2.095,0.529
3.183,1.670,1.670,0.106,-2.079,0.551
2.674,1.918,1.918,0.057,-2.045,0.578
2.381,2.086,2.086,0.039,-2.024,0.610
1.986,2.316,2.316,0.002,-1.988,0.658
1.623,2.491,2.491,-0.028,-1.982,0.712
1.332,2.638,2.638,-0.076,-1.948,0.760
0.822,2.782,2.782,-0.112,-1.924,0.827
0.341,2.886,2.886,-0.147,-1.909,0.906
-0.069,3.072,3.072,-0.187,-1.909,0.983
-0.472,3.110,3.110,-0.212,-1.901,1.048
-1.039,3.263,3.263,-0.232,-1.922,1.133
-1.441,3.484,3.484,-0.258,-1.958,1.231
-1.783,3.504,3.504,-0.282,-1.979,1.308
-2.277,3.429,3.429,-0.309,-2.039,1.410
-2.588,3.144,3.144,-0.352,-2.093,1.498
-2.738,2.777,2.777,-0.387,-2.123,1.538
-2.801,2.177,2.177,-0.419,-2.206,1.584
-2.951,1.518,1.518,-0.466,-2.309,1.609
-3.038,1.089,1.089,-0.500,-2.393,1.606
-3.202,0.457,0.457,-0.545,-2.495,1.591
-3.364,-0.012,-0.012,-0.580,-2.596,1.541
-3.512,-0.331,-0.331,-0.613,-2.657,1.491
-3.634,-0.610,-0.610,-0.607,-2.727,1.430
-3.989,-0.697,-0.697,-0.567,-2.727,1.365
-4.144,-0.692,-0.692,-0.515,-2.727,1.313
-4.361,-0.462,-0.462,-0.438,-2.727,1.245
-4.771,-0.139,-0.139,-0.392,-2.707,1.170
-4.929,0.136,0.136,-0.375,-2.671,1.115
-5.281,0.504,0.504,-0.352,-2.601,1.073
-5.692,0.917,0.917,-0.329,-2.488,1.047
-5.986,1.330,1.330,-0.297,-2.377,1.040
-6.190,1.641,1.641,-0.291,-2.260,1.057
-6.531,2.007,2.007,-0.278,-2.116,1.107
-6.832,2.296,2.296,-0.293,-1.963,1.177
-6.986,2.475,2.475,-0.324,-1.855,1.237
-7.128,2.674,2.674,-0.386,-1.701,1.326
-7.248,2.700,2.700,-0.448,-1.538,1.432
-7.254,2.553,2.553,-0.478,-1.425,1.519
-7.226,2.262,2.262,-0.491,-1.289,1.624
-7.222,1.949,1.949,-0.488,-1.173,1.718
-7.139,1.657,1.657,-0.482,-1.095,1.771
-7.033,1.117,1.117,-0.466,-1.006,1.824
-6.869,0.292,0.292,-0.437,-0.948,1.857
-6.535,-0.441,-0.441,-0.410,-0.922,1.854
-6.118,-1.295,-1.295,-0.358,-0.908,1.819
-5.888,-2.025,-2.025,-0.299,-0.915,1.762
-5.695,-2.543,-2.543,-0.241,-0.935,1.707
-5.468,-3.093,-3.093,-0.134,-0.980,1.618
-5.359,-3.444,-3.444,-0.022,-1.006,1.504
-5.331,-3.506,-3.506,0.073,-1.003,1.415
-5.366,-3.371,-3.371,0.202,-0.987,1.302
-5.596,-3.017,-3.017,0.316,-0.956,1.197
-5.789,-2.666,-2.666,0.382,-0.929,1.127
-5.974,-2.077,-2.077,0.431,-0.894,1.049
-6.098,-1.491,-1.491,0.427,-0.860,0.992
-6.253,-1.030,-1.030,0.390,-0.802,0.955
-6.292,-0.700,-0.700,0.343,-0.742,0.944
-6.448,-0.320,-0.320,0.272,-0.650,0.950
-6.718,0.137,0.137,0.190,-0.530,0.968
-6.790,0.252,0.252,0.116,-0.405,0.996
-6.875,0.449,0.449,0.083,-0.272,1.101
-7.221,0.336,0.336,0.060,-0.126,1.186
-6.748,0.527,0.527,0.026,-0.048,1.237
-7.068,0.239,0.239,-0.081,0.106,1.322
-7.161,0.258,0.258,-0.166,0.221,1.371
-6.868,-0.001,-0.001,-0.261,0.328,1.424
-6.815,-0.282,-0.282,-0.349,0.420,1.537
-6.763,-0.844,-0.844,-0.436,0.499,1.620
-6.539,-1.344,-1.344,-0.492,0.510,1.658
-6.192,-1.819,-1.819,-0.609,0.560,1.641
-5.895,-2.472,-2.472,-0.694,0.590,1.676
-5.814,-2.817,-2.817,-0.709,0.569,1.696
-5.445,-2.920,-2.920,-0.759,0.629,1.681
-5.810,-3.298,-3.298,-0.808,0.639,1.673
-5.482,-3.087,-3.087,-0.858,0.590,1.646
-5.298,-3.372,-3.372,-0.965,0.644,1.604
-5.379,-3.596,-3.596,-0.915,0.552,1.557
-4.878,-3.505,-3.505,-0.844,0.451,1.592
-4.888,-3.590,-3.590,-0.763,0.397,1.706
-4.124,-4.020,-4.020,-0.764,0.281,1.613
-3.492,-4.329,-4.329,-0.695,0.223,1.670
-3.188,-4.956,-4.956,-0.534,0.220,1.668
-3.110,-4.740,-4.740,-0.336,0.215,1.702
-3.325,-5.128,-5.128,-0.198,0.436,1.746
-3.315,-5.030,-5.030,-0.028,0.403,1.601
-2.957,-4.962,-4.962,0.022,0.324,1.465

2.357,-0.390,-0.390,0.086,0.047,0.005
2.727,-0.494,-0.494,0.125,0.045,-0.016
3.095,-0.433,-0.433,0.170,0.049,-0.037
3.291,-0.241,-0.241,0.213,0.059,-0.049
3.470,0.045,0.045,0.268,0.068,-0.054
3.635,0.359,0.359,0.313,0.083,-0.068
3.811,0.605,0.605,0.344,0.095,-0.064
4.016,0.917,0.917,0.386,0.093,-0.047
4.119,1.175,1.175,0.385,0.049,-0.032
4.093,1.283,1.283,0.364,0.002,-0.007
4.799,1.520,1.520,0.281,-0.082,0.009
4.915,1.523,1.523,0.215,-0.139,0.051
5.187,1.563,1.563,0.190,-0.199,0.080
5.308,1.602,1.602,0.173,-0.294,0.113
5.601,1.795,1.795,0.126,-0.434,0.143
5.677,1.726,1.726,-0.006,-0.497,0.187
5.901,1.335,1.335,-0.127,-0.578,0.230
5.976,1.078,1.078,-0.163,-0.687,0.263
6.006,0.710,0.710,-0.171,-0.785,0.271
5.966,0.433,0.433,-0.183,-0.901,0.258
5.978,0.264,0.264,-0.065,-1.155,0.309
5.713,0.381,0.381,0.010,-1.204,0.269
5.589,0.364,0.364,0.087,-1.179,0.219
5.590,0.422,0.422,0.107,-1.213,0.167
5.464,0.761,0.761,0.092,-1.256,0.103
5.299,0.887,0.887,0.148,-1.369,0.150
5.085,0.968,0.968,0.222,-1.442,0.161
4.852,1.075,1.075,0.311,-1.480,0.170
4.534,1.424,1.424,0.418,-1.536,0.170
4.195,1.893,1.893,0.455,-1.578,0.199
3.848,2.193,2.193,0.428,-1.636,0.245
3.597,2.351,2.351,0.391,-1.678,0.284
3.263,2.478,2.478,0.331,-1.722,0.337
2.902,2.527,2.527,0.276,-1.764,0.383
2.595,2.598,2.598,0.246,-1.794,0.420
2.299,2.551,2.551,0.201,-1.834,0.484
1.854,2.659,2.659,0.166,-1.889,0.562
1.568,2.653,2.653,0.118,-1.895,0.597
1.326,2.558,2.558,0.030,-1.898,0.652
1.163,2.300,2.300,-0.033,-1.912,0.708
0.952,2.179,2.179,-0.053,-1.963,0.762
0.553,2.173,2.173,-0.110,-1.971,0.815
0.190,1.975,1.975,-0.135,-1.954,0.839
0.022,1.841,1.841,-0.160,-1.972,0.869
-0.133,1.659,1.659,-0.242,-2.002,0.901
-0.267,1.222,1.222,-0.330,-2.048,0.922
-0.233,0.813,0.813,-0.403,-2.125,0.929
-0.191,0.267,0.267,-0.496,-2.201,0.929
-0.290,-0.269,-0.269,-0.503,-2.238,0.915
-0.613,-0.423,-0.423,-0.460,-2.247,0.885
-0.896,-0.555,-0.555,-0.430,-2.230,0.809
-1.240,-0.563,-0.563,-0.407,-2.236,0.725
-1.440,-0.524,-0.524,-0.379,-2.257,0.661
-1.810,-0.288,-0.288,-0.316,-2.274,0.598
-2.187,0.070,0.070,-0.208,-2.310,0.562
-2.810,0.505,0.505,-0.128,-2.279,0.515
-3.026,0.898,0.898,-0.081,-2.244,0.492
-3.495,1.331,1.331,-0.024,-2.198,0.492
-3.829,1.802,1.802,0.033,-2.159,0.511
-3.996,2.071,2.071,0.077,-2.130,0.542
-4.315,2.414,2.414,0.121,-2.081,0.595
-4.581,2.680,2.680,0.144,-2.007,0.650
-4.748,2.908,2.908,0.156,-1.942,0.711
-5.056,3.206,3.206,0.147,-1.857,0.798
-5.298,3.368,3.368,0.116,-1.773,0.900
-5.422,3.497,3.497,0.073,-1.687,0.980
-5.604,3.371,3.371,-0.019,-1.557,1.099
-5.788,3.252,3.252,-0.136,-1.498,1.213
-6.010,3.098,3.098,-0.233,-1.451,1.303
-6.181,2.890,2.890,-0.359,-1.387,1.423
-6.399,2.490,2.490,-0.462,-1.332,1.543
-6.445,2.116,2.116,-0.532,-1.293,1.619
-6.696,1.610,1.610,-0.615,-1.241,1.696
-6.769,0.991,0.991,-0.683,-1.200,1.768
-6.798,0.502,0.502,-0.723,-1.165,1.788
-6.892,-0.086,-0.086,-0.722,-1.129,1.810
-6.951,-0.661,-0.661,-0.686,-1.098,1.810
-6.976,-1.136,-1.136,-0.631,-1.075,1.805
-6.968,-1.521,-1.521,-0.579,-1.059,1.801
-7.021,-1.956,-1.956,-0.485,-1.033,1.762
-7.073,-2.273,-2.273,-0.352,-1.004,1.713
-7.077,-2.397,-2.397,-0.249,-0.990,1.668
-7.137,-2.452,-2.452,-0.105,-0.958,1.603
-7.187,-2.440,-2.440,0.030,-0.899,1.540
-7.283,-2.298,-2.298,0.133,-0.835,1.495
-7.592,-2.083,-2.083,0.272,-0.736,1.438
-7.661,-1.642,-1.642,0.399,-0.649,1.382
-7.845,-1.562,-1.562,0.466,-0.575,1.375
-7.979,-1.123,-1.123,0.512,-0.500,1.283
-7.895,-1.025,-1.025,0.502,-0.437,1.302
-8.019,-1.099,-1.099,0.470,-0.404,1.315
-7.816,-1.058,-1.058,0.388,-0.343,1.344
-8.162,-0.938,-0.938,0.322,-0.277,1.386
-8.050,-1.126,-1.126,0.299,-0.260,1.436
-7.964,-1.155,-1.155,0.256,-0.219,1.519
-8.091,-1.123,-1.123,0.230,-0.173,1.590
-7.948,-1.175,-1.175,0.173,-0.072,1.622
-7.963,-1.133,-1.133,0.132,0.051,1.630
-8.324,-1.021,-1.021,0.087,0.209,1.625
-7.778,-1.231,-1.231,0.036,0.334,1.617
-6.975,-1.586,-1.586,0.014,0.378,1.615
-6.328,-2.010,-2.010,-0.062,0.454,1.621
-5.554,-2.711,-2.711,-0.131,0.349,1.643
-5.199,-2.952,-2.952,-0.190,0.212,1.710
-5.175,-3.419,-3.419,-0.203,0.040,1.777
-4.363,-3.871,-3.871,-0.201,-0.042,1.824
-4.477,-4.202,-4.202,-0.104,-0.044,1.858
-4.397,-4.404,-4.404,0.024,-0.076,1.839
-4.093,-4.274,-4.274,0.107,-0.043,1.804
-4.166,-4.433,-4.433,0.183,0.003,1.774
-3.825,-4.466,-4.466,0.218,-0.032,1.657
-4.715,-3.588,-3.588,0.215,-0.054,1.573
-4.795,-3.160,-3.160,0.197,0.066,1.546
-3.751,-3.533,-3.533,0.284,0.056,1.401
-3.427,-3.533,-3.533,0.293,-0.113,1.382
-3.546,-3.378,-3.378,0.272,-0.292,1.397
-3.367,-3.549,-3.549,0.284,-0.384,1.455
-3.277,-3.905,-3.905,0.348,-0.333,1.449
-3.122,-4.057,-4.057,0.407,-0.272,1.385